timestamp,uuid,worker_name,worker_id,location,rssi
2026-03-03T00:54:39.490402,E2C56DB5-DFFB-48D2-B060-D0F5A71096E0,Unknown,N/A,Warehouse_Zone_A,-87
2026-03-03T00:54:39.816956,E2C56DB5-DFFB-48D2-B060-D0F5A71096E0,Unknown,N/A,Warehouse_Zone_A,-92
2026-03-03T00:54:40.025625,E2C56DB5-DFFB-48D2-B060-D0F5A71096E0,Unknown,N/A,Warehouse_Zone_A,-96
2026-03-03T00:54:40.232904,E2C56DB5-DFFB-48D2-B060-D0F5A71096E0,Unknown,N/A,Warehouse_Zone_A,-90
2026-03-03T00:54:40.407090,E2C56DB5-DFFB-48D2-B060-D0F5A71096E0,Unknown,N/A,Warehouse_Zone_A,-90
2026-03-03T00:54:40.599444,E2C56DB5-DFFB-48D2-B060-D0F5A71096E0,Unknown,N/A,Warehouse_Zone_A,-85
2026-03-03T00:54:40.718851,E2C56DB5-DFFB-48D2-B060-D0F5A71096E0,Unknown,N/A,Warehouse_Zone_A,-93
2026-03-03T00:54:40.907549,E2C56DB5-DFFB-48D2-B060-D0F5A71096E0,Unknown,N/A,Warehouse_Zone_A,-84
2026-03-03T00:54:41.135970,E2C56DB5-DFFB-48D2-B060-D0F5A71096E0,Unknown,N/A,Warehouse_Zone_A,-92
2026-03-03T00:54:41.326359,E2C56DB5-DFFB-48D2-B060-D0F5A71096E0,Unknown,N/A,Warehouse_Zone_A,-92
2026-03-03T00:54:41.449593,E2C56DB5-DFFB-48D2-B060-D0F5A71096E0,Unknown,N/A,Warehouse_Zone_A,-92
2026-03-03T00:54:41.624072,E2C56DB5-DFFB-48D2-B060-D0F5A71096E0,Unknown,N/A,Warehouse_Zone_A,-96
2026-03-03T00:54:41.948169,E2C56DB5-DFFB-48D2-B060-D0F5A71096E0,Unknown,N/A,Warehouse_Zone_A,-91
2026-03-03T00:54:42.138535,E2C56DB5-DFFB-48D2-B060-D0F5A71096E0,Unknown,N/A,Warehouse_Zone_A,-91
2026-03-03T00:54:42.271961,E2C56DB5-DFFB-48D2-B060-D0F5A71096E0,Unknown,N/A,Warehouse_Zone_A,-91
2026-03-03T00:54:42.446573,E2C56DB5-DFFB-48D2-B060-D0F5A71096E0,Unknown,N/A,Warehouse_Zone_A,-91
2026-03-03T00:54:42.573025,E2C56DB5-DFFB-48D2-B060-D0F5A71096E0,Unknown,N/A,Warehouse_Zone_A,-94
2026-03-03T00:54:42.749868,E2C56DB5-DFFB-48D2-B060-D0F5A71096E0,Unknown,N/A,Warehouse_Zone_A,-94
2026-03-03T00:54:42.876934,E2C56DB5-DFFB-48D2-B060-D0F5A71096E0,Unknown,N/A,Warehouse_Zone_A,-97
2026-03-03T00:54:43.057658,E2C56DB5-DFFB-48D2-B060-D0F5A71096E0,Unknown,N/A,Warehouse_Zone_A,-97
2026-03-03T00:54:43.192907,E2C56DB5-DFFB-48D2-B060-D0F5A71096E0,Unknown,N/A,Warehouse_Zone_A,-97
2026-03-03T00:54:43.379291,E2C56DB5-DFFB-48D2-B060-D0F5A71096E0,Unknown,N/A,Warehouse_Zone_A,-97
2026-03-03T00:54:43.574404,E2C56DB5-DFFB-48D2-B060-D0F5A71096E0,Unknown,N/A,Warehouse_Zone_A,-97
2026-03-03T00:54:43.800196,E2C56DB5-DFFB-48D2-B060-D0F5A71096E0,Unknown,N/A,Warehouse_Zone_A,-91
2026-03-03T00:54:43.984269,E2C56DB5-DFFB-48D2-B060-D0F5A71096E0,Unknown,N/A,Warehouse_Zone_A,-95
2026-03-03T00:54:44.128514,E2C56DB5-DFFB-48D2-B060-D0F5A71096E0,Unknown,N/A,Warehouse_Zone_A,-95
2026-03-03T00:54:44.315084,E2C56DB5-DFFB-48D2-B060-D0F5A71096E0,Unknown,N/A,Warehouse_Zone_A,-95
2026-03-03T00:54:44.498582,E2C56DB5-DFFB-48D2-B060-D0F5A71096E0,Unknown,N/A,Warehouse_Zone_A,-88
2026-03-03T00:54:44.620734,E2C56DB5-DFFB-48D2-B060-D0F5A71096E0,Unknown,N/A,Warehouse_Zone_A,-88
2026-03-03T00:54:44.804744,E2C56DB5-DFFB-48D2-B060-D0F5A71096E0,Unknown,N/A,Warehouse_Zone_A,-87
2026-03-03T00:54:45.008331,E2C56DB5-DFFB-48D2-B060-D0F5A71096E0,Unknown,N/A,Warehouse_Zone_A,-91
2026-03-03T00:54:45.144627,E2C56DB5-DFFB-48D2-B060-D0F5A71096E0,Unknown,N/A,Warehouse_Zone_A,-91
2026-03-03T00:54:45.307694,E2C56DB5-DFFB-48D2-B060-D0F5A71096E0,Unknown,N/A,Warehouse_Zone_A,-88
2026-03-03T00:54:45.434205,E2C56DB5-DFFB-48D2-B060-D0F5A71096E0,Unknown,N/A,Warehouse_Zone_A,-89
2026-03-03T00:54:45.641379,E2C56DB5-DFFB-48D2-B060-D0F5A71096E0,Unknown,N/A,Warehouse_Zone_A,-91
2026-03-03T00:54:45.846121,E2C56DB5-DFFB-48D2-B060-D0F5A71096E0,Unknown,N/A,Warehouse_Zone_A,-91
2026-03-03T00:54:46.041188,E2C56DB5-DFFB-48D2-B060-D0F5A71096E0,Unknown,N/A,Warehouse_Zone_A,-91
2026-03-03T00:54:46.231209,E2C56DB5-DFFB-48D2-B060-D0F5A71096E0,Unknown,N/A,Warehouse_Zone_A,-87
2026-03-03T00:54:46.357544,E2C56DB5-DFFB-48D2-B060-D0F5A71096E0,Unknown,N/A,Warehouse_Zone_A,-88
2026-03-03T00:54:46.532333,E2C56DB5-DFFB-48D2-B060-D0F5A71096E0,Unknown,N/A,Warehouse_Zone_A,-88
2026-03-03T00:54:46.673339,E2C56DB5-DFFB-48D2-B060-D0F5A71096E0,Unknown,N/A,Warehouse_Zone_A,-86
2026-03-03T00:54:46.849839,E2C56DB5-DFFB-48D2-B060-D0F5A71096E0,Unknown,N/A,Warehouse_Zone_A,-86
2026-03-03T00:54:46.978225,E2C56DB5-DFFB-48D2-B060-D0F5A71096E0,Unknown,N/A,Warehouse_Zone_A,-86
2026-03-03T00:54:47.161543,E2C56DB5-DFFB-48D2-B060-D0F5A71096E0,Unknown,N/A,Warehouse_Zone_A,-91
2026-03-03T00:54:47.345779,E2C56DB5-DFFB-48D2-B060-D0F5A71096E0,Unknown,N/A,Warehouse_Zone_A,-91
2026-03-03T00:54:47.573142,E2C56DB5-DFFB-48D2-B060-D0F5A71096E0,Unknown,N/A,Warehouse_Zone_A,-96
2026-03-03T00:54:47.713747,E2C56DB5-DFFB-48D2-B060-D0F5A71096E0,Unknown,N/A,Warehouse_Zone_A,-96
2026-03-03T00:54:47.908167,E2C56DB5-DFFB-48D2-B060-D0F5A71096E0,Unknown,N/A,Warehouse_Zone_A,-84
2026-03-03T00:54:48.094971,E2C56DB5-DFFB-48D2-B060-D0F5A71096E0,Unknown,N/A,Warehouse_Zone_A,-89
2026-03-03T00:54:48.276765,E2C56DB5-DFFB-48D2-B060-D0F5A71096E0,Unknown,N/A,Warehouse_Zone_A,-89
2026-03-03T00:54:48.401128,E2C56DB5-DFFB-48D2-B060-D0F5A71096E0,Unknown,N/A,Warehouse_Zone_A,-85
2026-03-03T00:54:48.527067,E2C56DB5-DFFB-48D2-B060-D0F5A71096E0,Unknown,N/A,Warehouse_Zone_A,-85
2026-03-03T00:54:48.752074,E2C56DB5-DFFB-48D2-B060-D0F5A71096E0,Unknown,N/A,Warehouse_Zone_A,-85
2026-03-03T00:54:48.911281,E2C56DB5-DFFB-48D2-B060-D0F5A71096E0,Unknown,N/A,Warehouse_Zone_A,-85
2026-03-03T00:54:49.103379,E2C56DB5-DFFB-48D2-B060-D0F5A71096E0,Unknown,N/A,Warehouse_Zone_A,-85
2026-03-03T00:54:49.232428,E2C56DB5-DFFB-48D2-B060-D0F5A71096E0,Unknown,N/A,Warehouse_Zone_A,-85
2026-03-03T00:54:49.416812,E2C56DB5-DFFB-48D2-B060-D0F5A71096E0,Unknown,N/A,Warehouse_Zone_A,-86
2026-03-03T00:54:49.639789,E2C56DB5-DFFB-48D2-B060-D0F5A71096E0,Unknown,N/A,Warehouse_Zone_A,-86
2026-03-03T00:54:49.821774,E2C56DB5-DFFB-48D2-B060-D0F5A71096E0,Unknown,N/A,Warehouse_Zone_A,-86
2026-03-03T00:54:50.053791,E2C56DB5-DFFB-48D2-B060-D0F5A71096E0,Unknown,N/A,Warehouse_Zone_A,-88
2026-03-03T00:54:50.233127,E2C56DB5-DFFB-48D2-B060-D0F5A71096E0,Unknown,N/A,Warehouse_Zone_A,-93
2026-03-03T00:54:50.346232,E2C56DB5-DFFB-48D2-B060-D0F5A71096E0,Unknown,N/A,Warehouse_Zone_A,-93
2026-03-03T00:54:50.473208,E2C56DB5-DFFB-48D2-B060-D0F5A71096E0,Unknown,N/A,Warehouse_Zone_A,-93
2026-03-03T00:54:50.649633,E2C56DB5-DFFB-48D2-B060-D0F5A71096E0,Unknown,N/A,Warehouse_Zone_A,-91
2026-03-03T00:54:50.834859,E2C56DB5-DFFB-48D2-B060-D0F5A71096E0,Unknown,N/A,Warehouse_Zone_A,-91
2026-03-03T00:54:50.981383,E2C56DB5-DFFB-48D2-B060-D0F5A71096E0,Unknown,N/A,Warehouse_Zone_A,-91
2026-03-03T00:54:51.154851,E2C56DB5-DFFB-48D2-B060-D0F5A71096E0,Unknown,N/A,Warehouse_Zone_A,-97
2026-03-03T00:54:51.442200,E2C56DB5-DFFB-48D2-B060-D0F5A71096E0,Unknown,N/A,Warehouse_Zone_A,-97
2026-03-03T00:54:51.664494,E2C56DB5-DFFB-48D2-B060-D0F5A71096E0,Unknown,N/A,Warehouse_Zone_A,-93
2026-03-03T00:54:51.880504,E2C56DB5-DFFB-48D2-B060-D0F5A71096E0,Unknown,N/A,Warehouse_Zone_A,-94
2026-03-03T00:54:52.001403,E2C56DB5-DFFB-48D2-B060-D0F5A71096E0,Unknown,N/A,Warehouse_Zone_A,-94
2026-03-03T00:54:52.192561,E2C56DB5-DFFB-48D2-B060-D0F5A71096E0,Unknown,N/A,Warehouse_Zone_A,-88
2026-03-03T00:54:52.380970,E2C56DB5-DFFB-48D2-B060-D0F5A71096E0,Unknown,N/A,Warehouse_Zone_A,-88
2026-03-03T00:54:52.603809,E2C56DB5-DFFB-48D2-B060-D0F5A71096E0,Unknown,N/A,Warehouse_Zone_A,-88
2026-03-03T00:54:52.794701,E2C56DB5-DFFB-48D2-B060-D0F5A71096E0,Unknown,N/A,Warehouse_Zone_A,-93
2026-03-03T00:54:52.924265,E2C56DB5-DFFB-48D2-B060-D0F5A71096E0,Unknown,N/A,Warehouse_Zone_A,-93
2026-03-03T00:54:53.117050,E2C56DB5-DFFB-48D2-B060-D0F5A71096E0,Unknown,N/A,Warehouse_Zone_A,-91
2026-03-03T00:54:53.328170,E2C56DB5-DFFB-48D2-B060-D0F5A71096E0,Unknown,N/A,Warehouse_Zone_A,-93
2026-03-03T00:54:53.501484,E2C56DB5-DFFB-48D2-B060-D0F5A71096E0,Unknown,N/A,Warehouse_Zone_A,-93
2026-03-03T00:54:53.631188,E2C56DB5-DFFB-48D2-B060-D0F5A71096E0,Unknown,N/A,Warehouse_Zone_A,-94
2026-03-03T00:54:53.937415,E2C56DB5-DFFB-48D2-B060-D0F5A71096E0,Unknown,N/A,Warehouse_Zone_A,-94
2026-03-03T00:54:54.058450,E2C56DB5-DFFB-48D2-B060-D0F5A71096E0,Unknown,N/A,Warehouse_Zone_A,-94
2026-03-03T00:54:54.254251,E2C56DB5-DFFB-48D2-B060-D0F5A71096E0,Unknown,N/A,Warehouse_Zone_A,-94
2026-03-03T00:54:55.035363,E2C56DB5-DFFB-48D2-B060-D0F5A71096E0,Unknown,N/A,Warehouse_Zone_A,-92
2026-03-03T00:54:55.293159,E2C56DB5-DFFB-48D2-B060-D0F5A71096E0,Unknown,N/A,Warehouse_Zone_A,-91
2026-03-03T00:54:55.646605,E2C56DB5-DFFB-48D2-B060-D0F5A71096E0,Unknown,N/A,Warehouse_Zone_A,-88
2026-03-03T00:54:56.065246,E2C56DB5-DFFB-48D2-B060-D0F5A71096E0,Unknown,N/A,Warehouse_Zone_A,-88
2026-03-03T00:54:56.465488,E2C56DB5-DFFB-48D2-B060-D0F5A71096E0,Unknown,N/A,Warehouse_Zone_A,-88
2026-03-03T00:54:56.779606,E2C56DB5-DFFB-48D2-B060-D0F5A71096E0,Unknown,N/A,Warehouse_Zone_A,-95
2026-03-03T00:54:56.977663,E2C56DB5-DFFB-48D2-B060-D0F5A71096E0,Unknown,N/A,Warehouse_Zone_A,-95
2026-03-03T00:54:57.398886,E2C56DB5-DFFB-48D2-B060-D0F5A71096E0,Unknown,N/A,Warehouse_Zone_A,-93
2026-03-03T00:54:57.622626,E2C56DB5-DFFB-48D2-B060-D0F5A71096E0,Unknown,N/A,Warehouse_Zone_A,-93
